{
    "loss": 3.8998262882232666,
    "accuracy": 0.8129496574401855
}