{
    "loss": 9.131983757019043,
    "accuracy": 0.5035971403121948
}